Name,Address,Description,Longitude,Latitude,TimeStamp,TimeSpan:begin,TimeSpan:end,GettyID
,Debrecziner,,,,,,,
,Debreczin,,,,,,,
,Esztergom,,"18,7","47,7667",,,,7010539
,Pressburg,,"17,1667","48,1667",,,,7006465
,Wien,,"16,3667","48,2167",,,,7003321
,Berlin,,"13,4167","52,5333",,,,7003712
,München,,"11,5833","48,1333",,,,7004333
,Paris,,"2,3333","48,8667",,,,7008038
,Prag,,"14,4333","50,1",,,,7006464
,Memmingen,,"10,1833","47,9833",,,,7012598
,Kassel,,"9,3333","51,1667",,,,7005941
,Jesberg,,,,,,,
,Schwerin,,"11,4167","53,6667",,,,7004716
,Ansbach,,"10,55","49,3",,,,7004459
,Speyer,,"8,4333","49,3167",,,,7012341
,Muenchen,,,,,,,
,Karlsruhe,,"8,5","48,5",,,,1003175
,Wiesbaden,,"8,2333","50,0833",,,,7004432
,Semlin,,,,,,,
,Kuveždin,,,,,,,
,Szenttamás,,,,,,,
,Werschetz,,,,,,,
,Hermannstadt,,"24,15","45,7667",,,,7004269
,Czahor,,,,,,,
,Czernowitz,,"25,9333","48,3",,,,7017981
,Ober-vicow,,,,,,,
,Gloggnitz,,"15,95","47,6833",,,,1025580
,Wartenstein,,,,,,,
,Kreisberg,,,,,,,
,Stuppach,,"9,75","49,45",,,,7005186
,Pottschach,,,,,,,
,Schottwien,,,,,,,
,Kranichberg,,,,,,,
,Enzenreith,,,,,,,
,Otterthal,,,,,,,
,Stuppachgraben,,,,,,,
,Schlögelmühl,,,,,,,
,Beierbach,,,,,,,
,Göttschach,,,,,,,
,Grünsting,,,,,,,
,Galatz,,"28,0333","45,45",,,,1050135
,Konstantinopel,,"28,95","41,0333",,,,7002473
,Karlowitz,,,,,,,
,Bad-ems,,,,,,,
,Komitat-neutra,,,,,,,
,Graz,,"15,3667","47,0833",,,,7003097
,Salzburg,,"13,05","47,8",,,,7003256
,Hallein,,"13,1","47,6833",,,,7003258
,Innsbruck,,"11,4","47,2667",,,,7003249
,Olmuetz,,,,,,,
,Triest,,"13,7833","45,65",,,,7005539
,Neustadt,,"8,7833","53,0667",,,,1005183
,Ofen,,,,,,,
,Agram,,"15,9667","45,8",,,,7015558
,Weybridge,,"-0,4667","51,3667",,,,7011738
,Tetschen,,"14,25","50,8",,,,7011435
,Verona,,"11,0333","45,4167",,,,7003007
,Mailand,,"9,2","45,4667",,,,7005903
,Pavia,,"9,1333","45,1167",,,,7003151
,Rom,,,,,,,
,Rovigo,,"11,7833","45,0667",,,,7003271
,Kronstadt,,"25,5833","45,65",,,,7004272
,Schaessburg,,,,,,,
,Mediasch,,,,,,,
,Polotsk,,"28,813","55,485",,,,7013482
,Muehlbach,,,,,,,
,Bistritz,,"24,5","47,1333",,,,7004078
,Klausenburg,,"23,6167","46,7833",,,,7003934
,Csik-somlyo,,,,,,,
,Blasendorf,,,,,,,
,Marosvásárhely,,"24,5667","46,55",,,,7004769
,Székelyudvarhely,,,,,,,
,Tchorda,,,,,,,
,Biala,,,,,,,
,Kremsier,,"17,45","49,3167",,,,7011637
,Raab,,"13,65","48,3667",,,,1025973
,Pest,,"19,0833","47,5",,,,7010546
,Trient,,"11,133","46,066",,,,7005128
,Alba-iulia,,,,,,,
,Lugos,,"21,9","45,6833",,,,1050174
,Szamosujvár,,,,,,,
,Zips,,,,,,,
,Lemberg,,,,,,,1105382
,Przemysl,,,,,,,
,Gran,,"10,5667","60,3667",,,,4004496
,Fuenfkirchen,,,,,,,
,Erlau,,"20,4667","47,8833",,,,7010471
,Augsburg,,"10,9","48,35",,,,7004324
,Reindorf,,,,,,,
,Fuenfhaus,,,,,,,
,Sechshaus,,,,,,,
,Huetteldorf,,,,,,,
,Baumgarten,,,,,,,
,Hetzendorf,,"16,3","48,1667",,,,1004649
,Neulerchenfeld,,,,,,,
,Ottakring,,"16,3167","48,2",,,,1005287
,Hernals,,"16,3333","48,2167",,,,1004647
,Klosterneuburg,,"16,3333","48,3167",,,,7003187
,Dornbach,,"16,3","48,2333",,,,1004374
,Untermeidling,,,,,,,
,Gaudenzdorf,,,,,,,
,Zwoelfaxing,,,,,,,
,Untermarkersdorf,,,,,,,
,Schramberg-in-württemberg,,,,,,,
,Frankfurt,,"13,75","52,5",,,,7003723
,Limburg,,"5,4167","51,3333",,,,6003428
,Bochnia,,"20,4167","49,9833",,,,1048934
,Zara,,"15,2333","44,1167",,,,7015549
,Görz,,"13,6333","45,95",,,,7005526
,Krakau,,"19,9167","50,05",,,,7007652
,Pag,,15,"44,5",,,,1008494
,Novaglia,,,,,,,
,Bad-ischl,,,,,,,
,Krk,,"14,5667","45,0333",,,,7015516
,Frankfurt-a-m-,,,,,,,
,Mainz,,"11,9667","47,8333",,,,7017990
,Seligenstadt,,"8,9667","50,0333",,,,4010301
,Gießen,,"8,7","50,5833",,,,7004429
,O-o-,,,,,,,
,Breslau,,17,"51,1",,,,7007601
,Brünn,,"16,6667","49,2167",,,,7011840
,Januševec,,,,,,,
,Temeswar,,,,,,,
,Csanad,,,,,,,
,Kaschau,,"21,25","48,7333",,,,7011529
,Neupanat,,,,,,,
,Universitaet-wien,,,,,,,
,O-o-neuhaus,,,,,,,
,Neuhaus,,"8,5667","47,8",,,,1040453
,Rab,,"14,7667","44,75",,,,1065214
,Ala,,,,,,,
,Trento,,"11,1167","46,1333",,,,7003158
,Trient-,,,,,,,
,Rovereto,,"11,05","45,8833",,,,7005447
,Biertan,,"24,5167","46,1333",,,,4001508
,Nagy-enyed,,,,,,,
,Ratibor,,"18,1667","50,0833",,,,1049401
,Leobschuetz,,,,,,,
,Erfurt,,"11,05","50,9667",,,,7024031
,Hadamar,,"8,0667","50,45",,,,7012485
,Trauchburg,,,,,,,
,Koeln,,,,,,,
,Ostrowo,,,,,,,
,Glogau,,"21,9667","50,15",,,,1049039
,Neisse,,"14,75",52,,,,7007914
,Neuss,,"6,6833","51,2",,,,7004978
,Muenster,,"-84,3667","40,3833",,,,2080805
,Emmerich,,"6,2667","51,8167",,,,7005163
,Koenigsberg,,,,,,,
,Trier,,"6,5833",50,,,,7004451
,Bonn,,"7,1","50,7333",,,,7005090
,Frankenstein,,"16,8167","50,6",,,,1049622
,Glatz,,"16,6667","50,4667",,,,7007687
,Johannesberg-bei-jauernig,,,,,,,
,Koblenz,,"8,2333","47,6167",,,,7007549
,Bautzen,,"14,4833","51,1833",,,,7012305
,Görlitz,,15,"51,15",,,,7012813
,Budussin,,,,,,,
,Dresden,,"13,75","51,05",,,,7004455
,Laukow,,,,,,,
,Wuerzburg,,,,,,,
,Budissin,,"14,4833","51,1833",,,,7012305
,Tübingen,,"9,75","48,5",,,,1003267
,Rottweil,,"8,6167","48,1667",,,,7012685
,Wuerttemberg,,,,,,,
,Leipzig,,"12,4167","51,3333",,,,7012329
,Würzburg,,"9,9333","49,8",,,,7004335
,Jaworzno,,,,,,,
,Stanislau,,,,,,,
,Sandez,,,,,,,
,Jaslo,,,,,,,
,Rzeszów,,22,"50,0667",,,,7007791
,Tarnow,,"20,9833","50,0167",,,,7003387
,Pilsen,,"13,4167","49,75",,,,7011723
,Eger,,,,,,,1123667
,Goerkau,,,,,,,
,Waizna,,,,,,,
,Rád,,,,,,,
,Komitat-neograd,,,,,,,
,Oberufer,,,,,,,
,Engerau,,,,,,,
,Vezekény,,,,,,,
,Farád,,,,,,,
,Komitat-wieselburg,,,,,,,
,Oedenburg,,,,,,,
,Komitat-oedenburg,,,,,,,
,Komitat-eisenburg,,,,,,,
,Zala-istvand,,,,,,,
,Puszta-szent-laszlo,,,,,,,
,Komitat-zala,,,,,,,
,Galsa,,,,,,,
,Komitat-veszprem,,,,,,,
,Leiben,,,,,,,
,Komitat-raab,,,,,,,
,Szepetnek,,,,,,,
,Komitat-suemeg,,,,,,,
,Legrad,,,,,,,
,Ervatien,,,,,,,
,Eperies,,,,,,,
,Komitat-saros,,,,,,,
,Komitat-abauj-torna,,,,,,,
,Komitat-zips,,,,,,,
,Komitat-goemoer,,,,,,,
,Komitat-semplin,,,,,,,
,Komitat-bereg-ugocsa,,,,,,,
,Szarvas,,"20,5833","46,85",,,,7010515
,Nagy-bánya,,,,,,,
,Nagy-károly,,,,,,,
,Komitat-szatmar,,,,,,,
,Grosswardein,,"21,9167","47,05",,,,7009161
,Komitat-bihar,,,,,,,
,Nyiregyháza,,,,,,,
,Komitat-szabolcs,,,,,,,
,Nagy-szent-miklos,,,,,,,
,Tiszaföldvár,,"20,1833","46,9667",,,,1042490
,Szentes,,"20,2833","46,6667",,,,7010529
,Hodmezovasarhely,,,,,,,
,Arnoth,,,,,,,
,Kaza,,,,,,,
,Miskolc,,"20,7833","48,1167",,,,7010491
,Fancsal,,,,,,,
,Szánto,,,,,,,
,Vecse,,,,,,,
,Tállya,,,,,,,
,Tokaj,,,,,,,1130916
,Vrbas,,"17,5","45,0833",,,,1131545
,Kosd,,,,,,,
,Boeny,,,,,,,
,Szombathely,,"16,6333","47,2333",,,,7010521
,O-szoeny,,,,,,,
,Komitat-komorn,,,,,,,
,Déva-vanya,,,,,,,
,Komitat-bekes,,,,,,,
,Komorn,,"18,0833","47,7667",,,,1027286
,Pilismarót,,,,,,,
,Doemoes,,,,,,,
,Komitat-gran,,,,,,,
,Papa,,"-155,8667","19,2",,,,2025196
,Battyan,,,,,,,
,Bodajk,,,,,,,
,Csákterény,,,,,,,
,Csoesz,,,,,,,
,Egres,,,,,,,
,Stuhlweissenburg,,"18,7833","47,1667",,,,7024662
,Fuele,,,,,,,
,Káloz,,,,,,,
,Keresztes,,,,,,,
,Kis-keszi,,,,,,,
,Ladány,,,,,,,
,Mór,,"18,2","47,3833",,,,1042395
,Polgárdi,,,,,,,
,Szent-mihály,,,,,,,
,Sopornya,,,,,,,
,Tácz,,,,,,,
,Komitat-stuhlweissenburg,,,,,,,
,Csor,,,,,,,
,Csurgo,,,,,,,
,Inota,,,,,,,
,Iszka,,,,,,,
,Szent-gyoergy,,,,,,,
,Moha,,,,,,,
,Czecze,,,,,,,
,Sarospatak,,,,,,,
,Komitat-borsod,,,,,,,
,Maklar,,,,,,,
,Poroszlo,,,,,,,
,Tiszanána,,,,,,,
,Heves,,"20,2833","47,6",,,,1042352
,Tenk,,,,,,,
,Szarasboe,,,,,,,
,Halász,,,,,,,
,Cserekoez,,,,,,,
,Komitat-heves,,,,,,,
,Kenezloe,,,,,,,
,Viss,,,,,,,
,Báj,,,,,,,
,Csobáj,,,,,,,
,Taktakencz,,,,,,,
,Tiszaladány,,,,,,,
,Prügy,,,,,,,
,Neu-szivacz,,,,,,,
,Babarcz,,,,,,,
,Béllye,,,,,,,
,Csuza,,,,,,,
,Darocz,,,,,,,
,Hercegszoelloes,,,,,,,
,Karancs,,,,,,,
,Keoe,,,,,,,
,Koelked,,,,,,,
,Kopács,,,,,,,
,Lasko,,,,,,,
,Mohács,,"18,6667",46,,,,7010493
,Voeroesmart,,,,,,,
,Komitat-baranya,,,,,,,
,Haraszti,,,,,,,
,Korogy,,,,,,,
,Rétfalu,,,,,,,
,Szent-lászlo,,,,,,,
,Debelliacsa,,,,,,,
,Ittebe,,,,,,,
,Klopodia,,,,,,,
,Liebling,,,,,,,
,Rittberg,,,,,,,
,Temesvár,,"21,25","45,75",,,,7003943
,Komitat-csongrad,,,,,,,
,Samson,,,,,,,7011371
,Komitat-tolna,,,,,,,
,Zadar,,"15,2333","44,1167",,,,7015549
,Duesseldorf,,,,,,,
,Venedig,,"12,5667","45,5833",,,,7003006
,Eisenach,,"10,3167","50,9833",,,,7005969
,Göttingen,,"9,95","51,5333",,,,7005246
,Deutschlands,,,,,,,
,Rolduc,,,,,,,
,Neapel,,"14,25","40,8333",,,,7004474
,Kiel,,"10,1333","54,3333",,,,7004457
,Heidelberg,,"8,7","49,4167",,,,7005177
,Jena,,"11,5833","50,9333",,,,7005973
,Dorpat,,"26,745","58,366",,,,7006624
,Stresa,,"8,5333","45,8833",,,,7005657
,Florenz,,"11,25","43,783",,,,7000457
,Brescia,,"10,2167","45,55",,,,7005764
,Mantua,,"10,7833","45,1667",,,,7005880
,Genua,,"8,95","44,4167",,,,7008546
,Ravenna,,"11,9833","44,4167",,,,7003133
,Modena,,"10,9","44,5",,,,7004597
,Bologna,,"11,3333","44,5",,,,7004847
,Spalato,,"16,4667","43,5167",,,,7015546
,Salona,,"16,5","43,55",,,,7017320
,Herkulaneum,,,,,,,
,Pompeji,,,,,,,
,Ragusa,,"18,1167","42,6667",,,,7015500
,Großwardein,,,,,,,
,Ödenburg,,"16,5833","47,6667",,,,7010514
,Neu-verbaß,,,,,,,
,Comorn,,"-77,2167","38,2667",,,,2111302
,Brixen,,"11,6667","46,7167",,,,7005433
,Wilten,,"11,423","47,25",,,,7031464
,Stams,,"10,9833","47,2667",,,,7003252
,Neustift,,"11,65","46,7333",,,,7015813
,Fiecht,,,,,,,
,Marienberg,,"13,1833","50,6333",,,,1037268
,Innichen,,"12,2667","46,7333",,,,7005435
,Arco,,"10,8833","45,9167",,,,1043264
,Roveredo,,"9,15","56,2333",,,,1064344
,Bozen,,"11,3667","46,5167",,,,7004967
,Gries,,,,,,,4004583
,Meran,,"11,15","46,6667",,,,7005432
,Hall,,"-97,05","37,3333",,,,2274361
,Rattenberg,,,,,,,4009124
,Kitzbühel,,"12,3833","47,45",,,,7003244
,Kufstein,,"12,1833","47,6",,,,7016924
,Sterzing,,"11,4333","46,9",,,,7005434
,Klausen,,"11,5667","46,6333",,,,1044226
,Bruneck,,"11,9333","46,8",,,,7005436
,Lienz,,"12,8333","46,85",,,,7005620
,Glurns,,"10,55","46,6667",,,,1044837
,Vils,,"13,1833","48,6333",,,,1131481
,Schwaz,,"11,7333","47,35",,,,7003247
,Imst,,"10,75","47,2333",,,,7003250
,Reutte,,"10,7333","47,5",,,,7003253
,Riva,,"-76,5667","38,95",,,,2048469
,Pergine,,,,,,,
,Levico,,"11,3","46,0167",,,,1045078
,Borgo,,,,,,,7005703
,Lavis,,"11,1167","46,1333",,,,1045046
,Cles,,"11,0333","46,3667",,,,1044294
,Fondo,,"11,1333","46,4333",,,,1044644
,Regensburg,,"12,1","49,0167",,,,7013496
,Bruenn,,,,,,,
,Villach,,"13,85","46,6167",,,,7003232
,Feldkirch,,"9,6333","47,25",,,,7003119
,Köln,,"6,95","50,9333",,,,7004446
,Treviso,,"12,25","45,6667",,,,7003297
,Padua,,"11,8833","45,4167",,,,7003085
,Cittadella,,"11,8","45,65",,,,7003101
,Lichtensteig,,"9,1","47,3333",,,,1064197
,Maros-vásárhely,,,,,,,
,O-o-innsbruck,,,,,,,
,Münster,,"7,3833","47,3",,,,7007416
,Paderborn,,"8,7333","51,7167",,,,7005101
,Goettingen,,,,,,,
,Braunsberg,,"19,8333","54,4",,,,7007598
,Syrakus,,,,,,,
,Pisa,,,,,,,1108174
,Palermo,,"13,3833","38,1333",,,,7003928
,Hildburghausen,,"10,75","50,4167",,,,1036943
,Santa-maria-dell-anima,,,,,,,
,Vatikan,,"12,45","41,9",,,,7001168
,Schloß-johannesberg,,,,,,,
,Teschen,,,,,,,6005897
,Friedeck,,,,,,,
,Karvin,,,,,,,
,Freistadt,,"15,6","51,75",,,,1049149
,Freiwaldau,,"15,1","51,4333",,,,1049065
,Olmütz,,"17,25","49,6333",,,,7011841
,Schloss-johannesberg,,,,,,,
,Johannesberg,,"-113,7","33,7167",,,,2398679
,Zuckmantel,,,,,,,
,Holstein,,,,,,,7003679
,Freiburg-im-breisgau,,,,,,,
,Mannheim,,"8,4667","49,5",,,,7005179
,Universitaet-freiburg,,,,,,,
,Milano,,"9,5","45,5",,,,7003150
,Pontevico,,"10,1","45,2667",,,,1046121
,Liblin,,,,,,,
,Liebstein,,,,,,,
,Bujesil,,,,,,,
,Wrch,,,,,,,
,Lhotka,,,,,,,
,Kockow,,,,,,,
,Rakolaus,,,,,,,
,Rohy,,,,,,,
,Kraschau,,,,,,,
,Brodeslad,,,,,,,
,Kozojed,,,,,,,
,Borek,,,,,,,
,Vsehrdy,,,,,,,
,Lednitz,,,,,,,
,Unterhradischt,,,,,,,
,Plass,,"13,4","49,9333",,,,7011725
,Kralowitz,,,,,,,
,Ober-und-unterliblin,,,,,,,
,Kotzkow,,,,,,,
,Rovinj,,"13,6667","45,0833",,,,7015531
,Pago,,,,,,,
,Lattugna,,,,,,,
,Vodizze,,,,,,,
,Kiew,,"30,5167","50,4333",,,,7010171
,Vendig,,,,,,,
,Koethen,,,,,,,
,Schoenbrunn,,"-81,4","40,45",,,,2081785
,Waitzen,,"19,1333","47,7667",,,,7010526
,Leitmeritz,,"14,1667","50,55",,,,7011695
,Budweis,,"14,4833","48,9667",,,,7011338
,Goerz,,,,,,,
,Martinsberg,,"15,1667","48,3833",,,,1025831
,Neutra,,"18,0667","48,3167",,,,7011715
,Marienschein,,,,,,,
,Freienberg-bei-linz,,,,,,,
,Castagnavizza,,,,,,,
,Laibach,,"14,5","46,0667",,,,7012986
,Castagnavizza-bei-görz,,,,,,,
,Linz,,"7,2833","50,5667",,,,1040137
,Capodistria,,"13,7333","45,5167",,,,7012983
,Reichenberg,,"15,0833","50,8",,,,7011694
,Jungbunzlau,,"14,9167","50,4333",,,,7011710
,Komotau,,"13,4333","50,45",,,,1027132
,Joachimsthal,,"13,7667","52,9667",,,,1037007
,Chrudim,,"15,7833","49,95",,,,1027136
,Znaim,,"16,0667","48,8667",,,,7011825
,Korneuburg,,"16,3333","48,3667",,,,1025737
,Wiener-neustadt,,,,,,,
,Bregenz,,"9,7667","47,5167",,,,7003116
,Marburg,,"8,7667","50,8167",,,,7012330
,Cilli,,,,,,,
,Idria,,"-120,6667","36,4167",,,,2011854
,Veglia,,"14,5667","45,0333",,,,7015516
,Lusin-piccolo,,,,,,,
,Rovigno,,,,,,,
,Celje,,"15,2667","46,25",,,,1064961
,Maribor,,"15,6667","46,55",,,,7012987
,Troppau,,"17,9167","49,9667",,,,7011718
,Opava,,"18,25","49,8333",,,,1128122
,Gratz,,"15,3667","47,0833",,,,7003097
,Stuttgart,,"9,3333","48,6667",,,,1003262
,Bad-gastein,,,,,,,
,Hagenau,,"7,7833","48,8167",,,,7008077
,Hrádek,,"16,2833","48,7833",,,,7011480
,Steger,,"-87,6333","41,4667",,,,2030266
,Koeniggraetz,,,,,,,
,Lofer,,"12,7","47,6",,,,1025797
,Radstadt,,"13,4667","47,3833",,,,1025977
,Teisendorf,,"12,8333","47,8333",,,,1041394
,Landshut,,"12,1667","48,5167",,,,7004414
,Eichstaett,,,,,,,
,Gotha,,"10,7167","50,95",,,,7005938
,Wartenberg,,"13,5167","52,5667",,,,1005877
,Varazdin,,,,,,,
,Smeczna,,,,,,,
,Ostende,,"2,9167","51,2167",,,,7007967
,Stanislawow,,,,,,,
,Suczawa,,"26,3","47,6167",,,,7009125
,Asch,,"10,8333","47,95",,,,1038241
,Blasendorf-blaj,,,,,,,
,Udvarhely,,,,,,,
,Fogaras,,,,,,,
,Karlsburg,,"23,55","46,0667",,,,7004080
,Retteg,,,,,,,
,Debrecen,,"21,6167","47,5",,,,7010469
,Zilah,,"23,05","47,1833",,,,1050342
,Oesterreich,,"13,3333","47,3333",,,,1000062
,Roms,,,,,,,
,Marosvaserhely,,,,,,,
,Dees,,"-88,3333","30,55",,,,2282835
,Utscha,,,,,,,
,Bamberg,,"10,9","49,9",,,,7004325
,Osmolice,,,,,,,
,Lublin,,"22,5167","51,3",,,,7007732
,Sonneberg-bei-coburg,,,,,,,
,Schlinig,,,,,,,
,Baja,,"18,9667","46,1833",,,,7010467
,Theresiopel,,,,,,,
,Bezdan,,,,,,,
,Peterwardein,,"21,4167","45,25",,,,7015646
,Temescher-banat,,,,,,,
,Pančero,,,,,,,
,Weisskirchen,,"6,8167","49,5667",,,,6006458
,Rastatt,,"8,2","48,85",,,,7012661
,Erlangen,,"11,0333","49,6",,,,7004332
,Jicin,,,,,,,
,Raudnitz,,,,,,,
,Luzern,,"8,2833","47,05",,,,7007280
,Uhřínově,,,,,,,
,Velké-meziříčí,,,,,,,
,Komjath,,,,,,,
,Tyrnau,,"17,5833","48,3833",,,,7011810
,Verebely,,,,,,,
,Istvanfalva,,,,,,,
,Huenfeld,,,,,,,
,Zagreb,,"15,9667","45,8",,,,7015558
,Possegg,,,,,,,
,Voelkermarkt,,,,,,,
,Hannover,,"9,7333","52,4",,,,7013260
,Weimar,,"11,3167","50,9833",,,,7012886
,Eisenstadt,,"16,5333","47,8333",,,,7003056
,Szilágysomlyó,,,,,,,
,Fulda,,,,,,,1124040
,Dreis,,,,,,,
,Hanau,,"8,9333","50,1333",,,,7005295
,Hamburg,,10,"53,5833",,,,7003673
,Coquimbo,,"-71,4167","-29,95",,,,1023430
,Moskau,,"37,7","55,75",,,,7012974
,Warschau,,21,"52,25",,,,7007833
,Wierzenica,,,,,,,
,Posen,,"16,8833","52,4167",,,,7007756
,Kolocsa,,,,,,,
,Csanád,,,,,,,
,Washington,,"-1,5167","54,9",,,,1031011
,London,,"-0,1667","51,5",,,,7011781
,Nikolsburg,,"16,6333","48,8",,,,7011708
,Liebenau,,"9,1","52,6167",,,,7005473
,Tabor,,"-81,3667","40,5167",,,,2527472
,Wodnian,,,,,,,
,Pisek,,"-96,5667","29,9167",,,,2586050
,Přibram,,,,,,,
,Plan,,,,,,,
,Steinschönau,,"14,4833","50,7667",,,,7011510
,Vyšehrad,,"14,45","50,0167",,,,1005858
,Udine,,13,"46,1667",,,,1003506
,Bergamo,,"9,6667","45,7",,,,7005025
,Como,,"9,0833","45,8",,,,7005851
,Crema,,"9,6833","45,3667",,,,7005874
,Cremona,,"10,0167","45,1333",,,,7005868
,Lodi,,"9,5","45,3167",,,,7006011
,Adria,,16,43,,,,7016532
,Ceneda,,"12,3","45,9833",,,,7003315
,Chioggia,,"12,2833","45,2167",,,,7003037
,Vicenza,,"11,45","45,6667",,,,7003008
,Belluno,,"12,2167","46,1333",,,,7003325
,Feltre,,"11,9","46,0167",,,,7003331
,Concordia,,"-89,5667","35,3667",,,,2098076
,Pompéi,,,,,,,
,Parma,,"10,0833","44,7",,,,7003131
,Portici,,"14,3333","40,8167",,,,7006841
,St-petersburg,,,,,,,
,Turin,,"7,6667","45,0667",,,,7005688
,Madrid,,"-3,6833","40,4",,,,7010420
,Rome,,"12,5","41,8833",,,,7000874
,Nagykoeroes,,,,,,,
,Sárospatak,,"21,5","48,3167",,,,7010509
,Kecskemét,,"19,7167","46,9333",,,,7010482
,Kisujszállás,,,,,,,
,Karcag,,"20,8833","47,3167",,,,1042367
,Aszód,,"19,45","47,6667",,,,1042276
,Kecskemet,,,,,,,
,Czegléd,,,,,,,
,Halas,,"19,4833","46,4333",,,,7010485
,Gyoenk,,,,,,,
,Pest-ofen,,,,,,,
,Kremsmuenster,,,,,,,
,Hermannseifen,,,,,,,
,Loeffingen,,,,,,,
,Mittenwald,,"11,2833","47,45",,,,7004702
,Hildesheim,,"9,9667","52,15",,,,7005248
,Dueren,,,,,,,
,Preßburg,,,,,,,
,Mattersdorf,,,,,,,
,Pullendorf,,,,,,,
,Ungarisch-altenburg,,,,,,,
,Neusiedl-am-see,,,,,,,
,Huens,,,,,,,
,Ossnitz,,,,,,,
,Guessing,,,,,,,
,Oberwarth,,,,,,,
,Pecsvard,,,,,,,
,Mohacs,,,,,,,
,Bonghás,,,,,,,
,Tamasi,,,,,,,
,Leutschau,,"20,5833","49,0167",,,,7011691
,Bartfeld,,,,,,,
,Beregszasz,,,,,,,
,Alsóverecke,,,,,,,
,Munkatschewe,,,,,,,
,Nagy-berezna,,,,,,,
,Tiba,,"140,1167","35,6333",,,,7004243
,Homonna,,,,,,,
,Papina,,,,,,,
,Sztropko,,,,,,,
,Galszecs,,,,,,,
,Varanno,,,,,,,
,Nagy-mihály,,,,,,,
,Nagy-roecze,,,,,,,
,Rima-brezo,,,,,,,
,Torna,,"44,2","68,0333",,,,1060405
,Szikszo,,,,,,,
,Szanto,,,,,,,
,Kaczony,,,,,,,
,Halmi,,,,,,,
,Kis-almas,,,,,,,
,Tornallya,,,,,,,
,Nagy-kapos,,,,,,,
,Szerencz,,,,,,,
,Tokay,,"-119,35","36,55",,,,2723822
,Kiraly-helmecz,,,,,,,
,Myslie,,,,,,,
,Szepsi,,,,,,,
,Nagy-szoelloes,,,,,,,
,Rosenau,,,,,,,4009429
,Marmaros-szigeth,,,,,,,
,Saros-patak,,,,,,,
,Rouen,,"1,0833","49,4333",,,,7008929
,Freiburg,,"7,85",48,,,,1003143
,Holleschau,,,,,,,
,Bad-homburg,,,,,,,
,Boppard-am-rhein,,,,,,,
,Boulogne-sur-mer,,,,,,,
,Cattaro,,"18,7667","42,45",,,,7015404
,Sebenico,,"15,9167","43,75",,,,7015447
,Trau,,"16,25","43,5333",,,,7015545
,Makarska,,"17,0167","43,3167",,,,7015543
,Lesina,,"15,3667","41,8667",,,,1045071
,Eurzola,,,,,,,
,Goito,,"10,6667","45,2667",,,,7005896
,Marseille,,"5,3667","43,3",,,,7008781
,Kaiserstadt,,,,,,,
,Aigen,,"13,9833","48,65",,,,1025385
,Aachen,,"6,1","50,7667",,,,7004799
,Gumpendorf,,,,,,,
,Königgrätz,,"15,8333","50,2167",,,,7012051
,Nove-mesto-nad-metuji,,,,,,,
,Diakovar,,,,,,,
,Jajce,,"17,2667","44,3333",,,,7015541
,Banja-luka,,,,,,,
,Tešanj,,"17,9833","44,6167",,,,1065281
,Torgau,,13,"51,5667",,,,7012881
,Kremenez,,,,,,,
,Stettin,,"14,5333","53,4167",,,,7007809
,Veszprem,,,,,,,
,Graz-sekau,,,,,,,
,Semmering,,"15,8333","47,6333",,,,7003185
,Pettau,,"15,85","46,45",,,,7012989
,Friedau,,,,,,,
,Luttenberg,,,,,,,
,Radkersburg,,,,,,,
,Straden,,,,,,,
,Riegersburg,,"15,95","47,0167",,,,7003102
,Eisbach,,,,,,,1123674
,O-o-wien,,,,,,,
,Wiens,,,,,,,
,Schellenberg,,"9,542","47,233",,,,7032085
,Drožditz,,,,,,,
,Pardubitz,,,,,,,
,Bohdanetsch,,,,,,,
,Hrochowteinitz,,,,,,,
,Oberjeleni,,,,,,,
,Hostowitz,,,,,,,
,Budetz,,,,,,,
,Gložan,,,,,,,
,Stari-vrbas,,,,,,,
,Risran,,,,,,,
,Novi-sad,,,,,,,
,Kulpin,,,,,,,
,Bački-jarak,,,,,,,
,Nove-šove,,,,,,,
,Schilbesch,,,,,,,
,Bački-maglić,,,,,,,
,Engelszell,,,,,,,
,Passau,,"13,4667","48,5833",,,,7004407
,Mondsee,,"13,35","47,8667",,,,7003277
,Lambach,,"13,8667","48,1",,,,7003278
,Metten,,"12,9333","48,8667",,,,7004403
,Neusatz,,"19,85","45,25",,,,7015328
,Esseg,,"18,6833","45,55",,,,7015337
,Akademie-der-bildenden-kuenste,,,,,,,
,Sydney,,"-112,5667","33,3667",,,,2006594
,Trincomalee,,"81,2167","8,5667",,,,7002519
,Batticaloa,,"81,7","7,7167",,,,1066450
,Newera-ellia,,,,,,,
,Point-galle,,,,,,,
,Adams-peak,,,,,,,
,Belligam,,,,,,,
,Melbourne,,"-1,4167","52,8167",,,,7010685
,Port-jackson,,,,,,,
,Valparaiso,,"-101,2","37,3167",,,,2036831
,Callao,,"-92,6167","39,75",,,,2058231
,Guayaquil,,"-79,9","-2,2167",,,,7004715
,Quito,,"-77,5",-2,,,,1000051
,Cilly,,,,,,,
,Brüssel,,"4,3333","50,8333",,,,7007868
,Byzanz,,,,,,,
,Bedburg,,"8,3333",51,,,,1136878
,Karlsbad,,"12,8667","50,2167",,,,7011521
,Krems,,"14,3167","48,2333",,,,1125746
,Siena,,"11,3167","43,3167",,,,7011179
,Lucca,,"10,2167","43,8333",,,,7006076
,Arezzo,,"11,8833","43,4167",,,,7006072
,Ferrara,,"11,8333","44,8",,,,7003128
,Viterbo,,"12,0833","42,4167",,,,7003139
,Civitavecchia,,"11,7833","42,0833",,,,7007035
,Herculanum,,,,,,,
,Ancona,,"13,5167","43,6167",,,,7003980
,Pornóapáti,,,,,,,
,Sparta,,"22,4167","37,0833",,,,7011065
,Athen,,"23,7333",38,,,,7001393
,Tyrus,,,,,,,5003214
,Solin,,"16,5","43,55",,,,7017320
,Labor,,,,,,,
,Otranto,,"18,5","40,1333",,,,7004093
,San-michele,,,,,,,
,Pola,,"-3,7167","50,25",,,,7025696
,Sainte-menehould,,,,,,,
,Pugnolo,,,,,,,
,Sospiro,,,,,,,
,Vydrany,,,,,,,
,Palota,,,,,,,
,Đakovo,,,,,,,
,Wolfenbuettel,,,,,,,
,Goslar,,"10,4167","51,9167",,,,7005630
,Vác,,"19,1333","47,7667",,,,7010526
,Eszék,,"18,6833","45,55",,,,7015337
,Osijek,,"18,6833","45,55",,,,7015337
,Przemyśl,,"22,7833","49,7833",,,,7003385
,Nymburk,,15,"50,2",,,,1027432
,Marienbad,,"12,75","49,8",,,,1027370
,Gastein,,"13,15","47,1167",,,,1025441
,Hietzing,,"16,3","48,1833",,,,1004652
,Lungern,,"8,1667","46,8",,,,1064205
,Buczacz,,,,,,,
,Krechów,,,,,,,
,Koniuchi,,,,,,,
,Brzezany,,,,,,,
,Zolkiew,,,,,,,
,Sambor,,"23,1667","49,5167",,,,1059156
,Galizien,,22,49,,,,7002787
,Baden,,,,,,,1064172
,Reichenau,,"14,95","50,4167",,,,1048937
,Peruc,,"13,9667","50,3333",,,,1027464
,Baumgartenberg,,,,,,,
,Smečno,,"14,05","50,1833",,,,1027531
,Interlaken,,"7,8667","46,7",,,,7007377
,Thun,,"7,6333","46,7667",,,,7007485
,Gemmi,,,,,,,
,Chamonix,,,,,,,
,Zürich,,"8,55","47,3833",,,,7003765
,Warasdin,,"16,35","46,3",,,,1065312
,Essek,,,,,,,
,Rinteln,,"9,0667","52,1833",,,,1040922
,Castelfondo,,"11,1167","46,45",,,,1044010
,Lombardei,,"9,5","45,6667",,,,7003237
,Raeckelwitz,,,,,,,
,Basel,,"7,6","47,55",,,,7007269
,Altranstaedt,,,,,,,
,Kozmin,,,,,,,
,Sendomir,,,,,,,
,Wegrow,,,,,,,
,Horn,,"8,95","51,8667",,,,7005301
,Wittenberg,,"12,65","51,8833",,,,7012349
,Rakos,,,,,,,
,Silein,,,,,,,
,Kirchdrauf,,"20,7833",49,,,,4010681
,Semptau,,,,,,,
,Komjat,,,,,,,
,Satu-mare,,,,,,,
,Rosenberg,,"18,4333","50,85",,,,7007750
,Erdoed,,,,,,,
,Torda,,"23,8333","46,5833",,,,7005773
,Medias,,,,,,,
,Grossenyed,,,,,,,
,Worms,,"8,35","49,6333",,,,7005108
,Konstanz,,"9,1667","47,6667",,,,7005174
,Aschaffenburg,,"9,15","49,9833",,,,7004322
,Bourges,,"2,3833","47,0833",,,,7017415
,Fontainebleau,,"2,7","48,4",,,,7008005
,Luebeck,,,,,,,
,Bremen,,"8,8","53,0833",,,,7005286
,St-gallen,,,,,,,
,Aargau,,"8,1667","47,5",,,,7003739
,Thurgau,,9,"47,5833",,,,7003759
,Laucha,,"11,6667","51,2333",,,,1037171
,Pressnitz,,,,,,,
,Bruessel,,,,,,,
,Amsterdam,,"4,9","52,35",,,,7006952
,Haag,,"14,5667","48,1167",,,,1025631
,Kopenhagen,,"12,5667","55,7167",,,,7003474
,Rechnitz,,"16,4333","47,3167",,,,1025991
,Bries,,15,"50,4",,,,4001045
,Debreczin,,,,,,,
,Fuered,,,,,,,
,Sjaogoemoer,,,,,,,
,Wanowitz,,,,,,,
,Komitat-trentschin,,,,,,,
,Komitat-turz,,,,,,,
,Komitat-arwa,,,,,,,
,Komitat-liptau,,,,,,,
,Komitat-sohl,,,,,,,
,Komitat-pressburg,,,,,,,
,Komitat-bars,,,,,,,
,Komitat-hont,,,,,,,
,Komitat-ung,,,,,,,
,Komitat-maramaros,,,,,,,
,Komitat-ugocsa,,,,,,,
,Zay-ugrotz,,,,,,,
,Schemnitz,,"18,8333","48,4833",,,,7011354
,Uj-verbász,,,,,,,
,Pápa,,"17,4667","47,3333",,,,7010504
,Mukatschewe,,,,,,,
,Lundenburg,,"-0,1667","51,5",,,,7011781
,Iglau,,"15,5667","49,4",,,,7011504
,Magdeburg,,"11,6167","52,1333",,,,7004456
,Falkenstein,,"12,3667","50,4833",,,,1036684
,Dohna,,"13,8667","50,95",,,,1036614
,Jaegerndorf,,,,,,,
,Hvar,,"16,4667","43,1833",,,,7015484
,Žolkiew,,,,,,,
,Baden-baden,,,,,,,
,Achen,,,,,,,
,Badenweiler,,"7,6833","47,8",,,,7012380
,Karstadt,,,,,,,
,Offenburg,,"7,95","48,4833",,,,7012635
,Elberfeld,,"7,1333","51,2667",,,,1004421
,Lubań,,"15,2833","51,1167",,,,1049215
,Legnica,,"16,1667","51,2",,,,7007726
,Bennisch,,,,,,,
,Freudenthal,,"17,45",50,,,,7011429
,Rzeszow,,,,,,,
,Riegel,,"7,75","48,15",,,,1040912
,Telezí,,,,,,,
,Slaupnitz,,,,,,,
,Brunnersdorf,,,,,,,
,Kralup,,,,,,,
,Kralupy-nad-vlatavou,,,,,,,
,Kaaden,,"13,2667","50,4",,,,7011508
,Schloss-ivano,,,,,,,
,Kadaň,,"13,2667","50,4",,,,7011508
,Zsigra,,,,,,,
,Petrócz,,,,,,,
,Chwalbogowo,,,,,,,
